country,count
,0
Bralos Railway Station,1
 South-Korea,0
 NC USA,0
Argentina,1510
Molenbeek Saint-Jean,1
 Malawi,0
 Ontario Canada,0
 New Mexico,0
 Slovakia,0
LaCienega and Jefferson Los Angeles Metro Rail,1
 Kerpen,0
 Oregon,0
South of Benin,1
 Qatar,0
Ethiopia,160
The Amusing Turks Studio/Istanbul,1
 Uganda,0
 Argentina.,0
Puerto Rico,384
El Dorado High School,1
Crown Books,1
 Jammu & Kashmir,0
Israeli-Jordanian Border,1
 BraZil,0
 M�laga,0
Jamaica,179
 South-Africa,0
 Tajikistan,0
 South Korea,0
Transylvania,2
Aruba,25
Belgique,3
University of North Carolina School of the Arts,1
 Canada.,0
 Tisbury,0
La Casita Producciones,1
 Japan,0
 Kosovo,0
 Arctic,0
 Netherland,0
 Pcia de Buenos Aires,0
 Dutch West Indies,0
 Senegal,0
 Namibia,0
Duo Restaurant 2413 W 32nd Ave,1
Oman,29
Bolivia,139
 Cyprus,0
Zaire,3
Studio Diamond SP,1
 Eastern Ukraine,0
 NZ,0
Broadford Motorcycle Complex,1
Southern Ocean,29
Bulgaria,368
El Toro Marine Air Station,1
USS Franklin,1
USS Mount Vernon,1
Gambia,16
 Mexico D.F. Mexico,0
Sydney Props,1
 Maldives,0
 Botswana,0
Decoratum,1
 Ile de France,0
Fort Carr� Antibes,2
 �le-de-France 75009 France,0
Barbados,47
 Liberia,0
Macau,9
 Nevada.,0
 Vietnam,0
 Ethiopia,0
 London UK,0
Amsterdam Noord,1
Columbia,3
 Abu Dhabi,0
Nvisionate Studios,1
Senegal,102
Australian Botanical Garden,1
 Wales,0
 Hertforshire,0
 Belarus,0
Bloomsbury Central Baptist Church,1
Museum f�r Angewandte Kunst Wien,1
 Philippines,0
Siberia,1
 Tunisia,0
Airplanes attack,1
 Edinburgh,0
 Iloilo City,0
 Rwanda,0
India.,0
Tanzania,166
 Porto - Portugal,0
Cabo Verde,1
Germany,6562
Carpathian Mountains,5
 Zagreb,0
The Indies,1
 New Delhi,0
Syria,105
Sj�nevads G�stis,1
Mexico to New Zealand,1
USS Lexington,2
Samoa,30
 Afghanistan,0
Sri Lanka,174
Oceania,1
Ritual Tatoo and Gallery,1
 Gabon,0
 Co. Wexford,0
 East Africa,0
Amerivest Financial Services,1
 Norfolk,0
 �le-de-France 75006 France,0
Bognor Regis West Sussex,1
 Madagascar,0
Sunshine Art Spaces City of Brimbank,1
 Palestine,0
 Austria,0
 NY USA,0
S�o Tom� e Pr�ncipe,4
 Winnersh Berkshire,0
 Flanders Belgium,0
Seychelles,44
Aboard the former Coast Guard Cutter Sorrel,1
Costa Risa,1
The Wakehurst Parkway - Sydney Australia,1
 Mozambique,0
Hungary,818
Kuwait,58
USS Nimitz,2
Chile,246
 Greenland,0
Paris France,7
Netherlands,523
 Samoa,0
 Lincolnshire,0
The Gloucester,1
 NY 10804,0
Huntington Sheraton Hotel 1401 S Oak Knoll Pasadena CA,1
Pacific Ocean,21
 Belguim,0
 Mauritius,0
 �le-de-France 75004 France,0
Santa Fe Drive Arts District,1
 OH 43606,0
 Lisboa,0
 Caribbean Sea,0
Iceland,447
 Monmouthshire,0
 Korea,0
 Oslo,0
 Portuguese Colony,0
Papua-New-Guinea,1
 Northern France,0
 United Kingdom,0
 Crna Gora,0
 Republic of Korea,0
 Democratic Republic of Congo,0
Azerbaijan,27
 Itay,0
Manchester Fort Shopping Park: Cheetham Hill,1
 NC,0
West Sumatra,1
 Israel the West Bank Palestine,0
 Antigua and Barbuda,0
Alte Ziegelei,1
Western Cyprus,10
Soshanguve South Africa,1
 Sydney,0
El Taco De Mexico 714 Santa Fe Drive,1
The Czech Republic,1
Turkestan,1
 Grand Duchy of Luxembourg,0
The Netherlands,25
New York State,11
 Tangier Morocco,0
Djibouti,16
 Stockholms l�n,0
Playa Vac�a Talega,1
 Berlin,0
Southern Africa,2
 Sverige,0
 Zimbabwe,0
Eritrea,11
 Australia,0
 Qu�bec,0
Uzbekistan,38
USA,25458
�rsunda,1
 Sweden,0
 Paraguay,0
 North Sea,0
Southern Oregon University,1
Vietnam,227
The Zanzibar,1
 Republic of Georgia,0
Rwanda,99
Algeria,103
 Spain.,0
 Victoria,0
San Miguel El Salvador,1
 India.,0
S.S. Independence,1
 RI,0
 CA 90038,0
 Dublin 2,0
New Caledonia,25
 Paris France,0
 Kentucky USA,0
 france,0
Denver Folklore Center 1893 S Pearl St,1
Belize,74
China Sea,2
 Seoul South Korea,0
Mongolia,74
Mascarene Islands,1
Frankfurt,1
England,35
 Bucks,0
 CA 91505 USA,0
 Oman,0
Thailiand,1
 Rhineland-Palatinate,0
 Tasmania,0
 Croatia,0
Ile de France,5
Colombia,219
Hato Tejas Bayam�n,1
Kirkby Lonsdale,1
Guinea,37
Goldeneye,1
Creative Works Australia,1
Bellas artes de Trujillo,1
Czechoslovakia,29
 London W1,0
 Germany,0
 and Danny head to the temple is the Korail station located at 240 Jungang Ro Dong Gu Daejeon Ko300720 Kr,0
 Montenegro,0
 Saudi Arabia,0
 Five Points Media Center,0
Bombay India,1
Kaleide Theatre,1
El Salvador,47
Temple of the Cave Studios,1
Guatemala,145
Wissahickon Valley Park,1
Zambia,88
 Indian Himalaya,0
 CA 93015,0
 Atlantic Ocean,0
 Enoch Alberta,0
 Victoria. Australia,0
Bermuda,57
 Lithuania,0
South Sandwich Islands,1
 North West Greenland,0
 Sri Lanka,0
 Myanmar,0
ACME Comedy Theatre,2
 Wales UK,0
 Sweden.,0
 Iowa,0
 Alibaugh,0
 Channel Islands,0
 Kazhachstan,0
Sierra Ecuatoriana,1
 Niue,0
West Indies,12
 Costa Rica,0
 Hong Kong,0
Ivory Coast,14
Tibet,4
 IL 60616.,0
 Burma,0
USS Ranger,1
 Jamaica,0
 Corsica,0
Estonia,112
Stork�benhavn,1
 Equatorial Guinea,0
Grenada,22
Fort Worth Country Day,1
Amsterdam Centre,1
 Kuwait,0
UCLA Campus,1
 Solvang,0
Equatorial Africa,1
Budapest,22
Wandin Victoria,1
 Russia,0
Holland,8
The Barrels Pub Hereford,1
 Panama,0
 Serbia,0
 Pyr�n�es,0
 Comoros,0
West Africa,3
B�lize,1
Fiji Islands,3
 Milano,0
 Canada,0
 Romania,0
 Pacific Ocean,0
 China,0
 Barcelona,0
West Virginia University,1
 �le-de-France 75011 France,0
Centre Hospitalier de l'Universit� de Montreal,3
Burkina Faso,51
Masada Israel,1
 Belgium,0
 Bahawalpur,0
 East Germany,0
 Middx,0
Dauphin Island Sea Lab,1
 New South Wales,0
 USA & Parking Garage next door,0
East Nepal,1
 M�xico.,0
 United Arab Emirates,0
Uruguay,64
 Iraq,0
 Punjab,0
Deep Creek Reserve - Sydney Australia,1
Signapore,1
 Engelberg,0
 Dhaka Bangladesh,0
 Spokane Valley WA 99216,0
 Campal Goa,0
 Bangtladesh,0
 Bucharest,0
Aligarh,1
 Al.,0
 Philippies,0
The Jim Henson Carriage House,1
Upstairs Circus 1500 Wynkoop St #100,1
Chechnya Region - Russia,1
 Colorado USA,0
 Toronto,0
Kingswood Estate,1
 FL 32805,0
 94800 Villejuif,0
Varde,1
Northern Germany,1
Albuquerque International Sunport Airport,1
Adriatic Sea,5
 Indonesia,0
Belgium,502
 Suriname,0
Pitcairn Island,5
Southern Libya,1
Isla Mujeures Mexico,1
Tonga,36
Nehterlands,1
Cook Island,1
 MI,0
Kenya,409
Berchem Sainte-Agathe,1
Sao Tome and Principe,2
USS Saratoga,1
 Catalonia,0
 Yugolslavia,0
 Gold Coast. Australia,0
TX,0
 Congo,0
UW Milwaukee Panther Arena,1
 KY,0
St Helena,2
North Pole,3
Berlin,44
 L��nemaa,0
Zimbabwe,131
Angola,51
Tuggerah NSW Australia,1
Mauritania,19
Turkmenistan,5
Caerphilly Castle as London Docks and the Tower of London,1
 BC,0
Lebanon,164
Xiliki village,1
HMS Vanguard,1
 Gambia,0
 Ukraine,0
 Lebanon,0
 CA 91604,0
 Uzbekistan,0
 CO 80204,0
 Northern Ireland,0
Georgia,116
Gabon,27
Est�dios Globo - Studios Globo - Central Globo de Produ��o - CGP - Projac,1
 Texas,0
 Ecuador,0
Alto Pirineo,1
Modderfontein,1
Swaziland,36
 C�te D'Ivoire,0
Guinea-Bissau,15
Hokule'a,1
Republic of Ireland,3
 Lesotho,0
 Osaka,0
MS Deutschland,3
 Michigan,0
Los Angeles LGBT Center,1
GPME Studios,1
Kazakhstan,87
Bosnia and Herzegovina,29
US Virgin Islands,3
 Zambia,0
Azov Sea,1
 Black Sea,0
 South Sudan,0
 Co Kildare,0
Indonesia,266
 British Columbia,0
Flow - Wellness and Training,1
Hong Kong,184
Togo,17
 New Jersey USA,0
Republic of Macedonia,3
 Bavaria,0
 Italy,0
South Africa,1164
Vatican City,100
 Portugal,0
 Avellino,0
 portugal,0
 Bosnia and Herzegowina,0
Kingdom of Swaziland,1
 PA 17055,0
 Sicily,0
Laos,72
 Madrid,0
 Sardinia,0
 Estado de M�xico,0
Ireland,813
South Georgia,3
Cruz Roja Mexicana,1
 People's Republic of China,0
 NY 10538,0
 NY 10019,0
 V regi�n. Chile,0
 Manchester,0
Republic of Vanuatu,1
Nepal,213
 El Salvador,0
Strait of Gibraltar,1
Czech Republic,1063
Broad Street Oxford,1
 Povlen,0
Cambodia,229
Cyprus,94
Mesa de los Indios. Merida. Venezuela,1
 US,0
 Trinidad & Tobago,0
 Anguilla,0
 Syria,0
 NC 27614,0
 Louisiana,0
Malaysia,238
Thessaloniki-Athens Train Greece,1
 Amsterdam,0
 Durham,0
Alpi del Brenta,1
 Antwerp Belgium,0
Calgary Alberta Canada,3
 Brussels,0
 the Netherlands,0
Slovakia,138
 Switzerland,0
Cape Verde,29
 Sherman Oaks Canada,0
Kingston High Street,1
International Camel Center - Israel,1
Amerikaans Theater,1
Worldwide,11
USS Coral Sea,1
Bosnia,11
 Benin,0
Curacao,5
 Thalassery,0
 Florida USA,0
Caribbean Sea,16
Escuela Naval de Mar�n,1
 NM 87031,0
 Monastery,0
Sulaymaniyah,1
Malta,263
Pour Haus,1
Saint Lucia,9
 California US,0
 Algeria,0
 TRNC,0
 Cape Verde,0
 Barcelona Spain,0
 New Mexico USA,0
 Stockholm,0
 Chennai,0
 Californa,0
Cuba,318
Caribbean,3
 Bosnia and Herzegovina,0
Republic of Congo,1
 Tamps. Mexico,0
 Bhutan,0
Struer,1
 The Bahamas,0
 Tokyo,0
Slovenia,95
Somalia,28
 North Yorkshire,0
 Chad,0
 Cleveland Ohio,0
Bering Strait,3
 UT 84115,0
 Bermuda,0
 Taipei,0
Old Trafford,3
5 Green Boxes 1570 S Pearl St,1
 Telangana,0
Seoul Olympic Park,0
Lookzoom Filmproduktion Berlin,1
 Bosnia Herzegovina,0
"Pol�gono de Tiro Naval ""Janer""",1
New Guinea,27
YouTube Spaces Studios,2
 Bronnoysund,0
Agorregi,1
 Luxembourg,0
Romania,2668
 Saint Lucia,0
Guinea Bissau,2
 New York,0
 denmark,0
 California,0
Falkland Islands,9
Republic of the Congo,1
 CA,0
 U.K.,0
Dominica,26
 Aylsford,0
Hummel Park,1
 Canada	d,0
Marquesas Islands,2
 Bolivia,0
Forum Goldschmiede,1
Brazil,68900
Bangladesh,137
Baltic Sea,31
South American rainforest,4
 Kansas,0
 Hastings on Hudson,0
Ha�ti,1
Malaya,7
Sardegna,4
 Puebla. M�xico,0
Luxemburg,1
 North Korea,0
Grand Duchy of Luxembourg,2
M/V Ever Conquest,1
Netherland,1
Jordan,177
South Korea,387
Bhutan,39
Trinidad and Tobago,35
 �le-de-France 75010 France,0
 v,0
 Antarctica,0
North Sea near Heligoland,1
 Lisbon,0
 Gen�ve,0
Armenia,131
Haiti,148
Wedding Stone. Bulgaria,1
 Glasgow Scotland,0
 Papua New Guinea,0
 Yugosalvia,0
Borneo,38
French Indochina,1
Solomon Islands,17
 Ukraine],0
"Transatlantic Ship ""Batory"" - Atlantic Ocean",1
Belguim,1
TS Albatros,1
 Uruguay,0
 Sicily. Italy,0
Private House in the Cayman Islands,1
 Bosnia and Hercegovina,0
 Honduras,0
 TN - Gulf of Mexico tank,0
 California USA,0
 California. USA,0
Fr�slevlejrens Efterskole,1
Mumbai Maharastra,1
Colorado Public Television,9
Suriname,15
 Spain,0
 France.,0
 NY,0
Jorhat Assam,1
 Alg�ria,0
Nottingham,3
 VA 23836,0
 Burkina Faso,0
 Iceland,0
 Belgique,0
Barkerville Highway,6
Arctic,23
 Tyne and Wear,0
 Fiji,0
Iraq,185
 Northern Mariana Islands,0
Africa,120
 South Australia,0
 Montenegro Yugoslavia,0
USS St. Clair County,1
Portugal,541
Beijing Huairou District Yang Song County Xingmei Film Studio,1
 Orissa India,0
 Malaysia.,0
Labuk Bay Proboscis Monkey Sanctuary - Borneo,1
 Texas USA,0
 Argentina,0
Equatorial Guinea,9
Tyrrhenian Sea,2
African plains,1
Belarus,49
 China Sea,0
 Tennesee,0
 Switcherland,0
 USA 90018,0
Central Connecticut State University,1
Uzsoki Street Hospital,1
Navassa Island,1
 NY 10543,0
 London,0
 French Polynesia,0
 San Jos�; Costa Rica,0
Spain,1056
Malawi,35
 Shekhupura. Pakistan,0
 Tonga,0
Austria Salisburghese,1
 West Virginia USA,0
 Grand-Duch� de Luxembourg,0
 CA 91304,0
Niger,63
Finland,311
 East Timor,0
 Bangaldesh,0
 N Yorkshire,0
 Virginia USA,0
 Gibraltar,0
Bosnia-Herzegovina,71
 Puerto Rico,0
 Gerrnany,0
 Columbia,0
 U.S.A.,0
 Swallowcliffe,0
Peru,289
The Blalock House,1
 Ontario,0
 Tanzania,0
Australia to Indonesia,1
 Somalia,0
The Bahamas,8
Tuvalu,12
Sultanpur Lodhi,1
Snug Harbor Cultural Center and Botanical Garden,1
City of stoke on trent sixth form college,1
USS Alabama,2
 NYC,0
 Kyrgyzstan,0
The Den,1
Persian Gulf,7
South Kurdistan,1
 Grenada,0
Bologna,3
Crandon International Raceway,1
Republic of Palau,1
 Seine-Saint-Denis,0
 Burundi,0
Palau Islands,1
Venezuela,155
 Chile,0
 Unites States,0
Morgan Park Race Circuit,1
 Argentinia,0
Roughshod Studio,1
 Dobrohostiv,0
 Poland,0
Principality of Monaco,1
 Mongolia,0
North Carolina USA,1
 Pakistan,0
Canyon Ranch,2
Sierra Leone,63
 Thailand,0
 Venezuela,0
 Azerbaijan,0
Origgio,1
 Montserrat,0
Mumbai,44
 Jordan,0
 Vanuatu,0
 Midway Islands,0
Edmonton Alberta Canada,3
 Hawai'i,0
 Latvia,0
 NSW,0
Fert�-Allais airport,2
 Singapore,0
 Haiti,0
Chad,27
Celebes Sea,1
Korea,57
 TX USA,0
Former USSR,8
French Guyana,17
The People's Republic of the Congo,3
Las Vegas Mannequins,4
Capurso,1
Zanzibar,1
 Panama Canal Zone,0
 Rajasthan,0
20 rue de la l�gion d'honneur 93200 Saint Denis,1
 Nicaragua,0
 The Isles,0
Vila Ch� - Portugal,1
Caesar Rodney High School,1
 Ilocos Sur,0
 Dunedin,0
 Palau,0
Palestine,144
Lithuania,162
 Monaco,0
Yongsan,0
Bethnal Green Working Men's Club,1
Mauritius,96
Norwich University,1
French Polynesia,23
Riot Games,1
 Albania,0
 CA 90036,0
Republic of Georgia,6
 Mexico,0
Canada,1361
 Astria,0
South of France,29
Mekong River,2
Freshfields Woods Formby Liverpool UK,1
 Occupied Palestine,0
 Middlesex;,0
 UT 84032,0
 Irleand,0
 USSR [now Ukraine],0
 Oregon USA,0
British Virgin Islands,14
 Italia,0
 Maharashtra,0
 Finland,0
Democratic Republic of the Congo,13
Yemen,21
 �le-de-France 75018 France,0
Alabama,1
Republic of Chad,1
 The Phillipines,0
 Pune,0
Bergslagen,1
 Democratic Republic of the Congo,0
Ipiabas,1
 Tunesia,0
Skansen Ziemi Radomskiej,1
UK,1615
 IL 60123,0
London Fashion Week,1
 Georgia,0
Botswana,68
 Arnhemsestraat 13 6971 AN Brummen,0
Europe,14
 Turkmenistan,0
 Africa,0
 Nepal,0
 Holland,0
La Paz Bolivia,1
Dublin Institute of Technology exterior,1
Sunderland & Coalburns,1
Telaganna India,1
 San Jose. Costa Rica,0
Centerville Arkansas,1
South India,1
Congo,11
Roy Family Residence,1
 England UK,0
 Le Cirque d'Hiver,0
Cayman Islands,29
Newcastle Upon Tyne,16
Hyderabad India,1
HMS Eagle,1
Maldives,36
 Geelong. Australia,0
 S�o Tom� e Pr�ncipe,0
Denmark,410
 Santo Domingo,0
 Faroe Islands,0
C�te D'Ivoire,13
Chicano Humanities Arts Council 772 Santa Fe Drive,1
Egypt,433
Guyana,21
Central African Republic,19
USS Independence CV-62,1
 Okahoma,0
Bahrain,103
Sierra de Madrid,1
 Sri lanka,0
 Leeds,0
Bosnia Herzegovina,2
Forestry SA,1
 Austrailia,0
Altsasu,1
 Virgin Islands,0
Locmiquelic,1
 Israel,0
 Ascension and Tristan da Cunha,0
Indian Ocean,10
Centro de Formaci�n de Especialistas de la Armada,1
 Timor-Leste,0
Philippines,1270
 Trinidad and Tobago,0
Schaub�hne Lindenfels,1
Koninginnenbrug Rotterdam,1
 South Georgia and the South Sandwich Islands,0
 Nigeria,0
USS Potomac,2
 Macau,0
Indonesia to Singapore,1
 Liechtenstein,0
 NY 10002,0
Tony Hawk Inc.,1
Panama Canal,2
 Austia,0
 Estonia,0
 Havana,0
 Puebla,0
 Cuneo,0
 Republica Dominicana,0
On board the Rainbow Warrior,1
Park der Kammerdirektorenvilla Birstein,1
Tunisia,207
Ukraine,246
Midway Islands,3
Nauru,4
 San Marino,0
 Western Sahara,0
Rovello Porro,1
Kyrgyzstan,33
Taiwan,295
 WA,0
 WA 99207,0
Stamullen,1
Japan,1144
 Cologne,0
 Fudan University,0
 West Indies,0
Bahamas,139
 Chicago,0
 Idaho USA,0
Southern Ground Saloon,1
Thailand to Sri Lanka,1
 Dublin,0
 Jinotega,0
Villa Dorane Cap d'Antibes,2
 Furka,0
Kurdistan,3
Republic of South Korea,1
 Micronesia,0
Cobalt Stages,1
Democratic Republic of Georgia,2
 Solomon Islands,0
 Sheffield,0
 R�union,0
U.S. Virgin Islands,14
 NY 10003,0
 GA 30268,0
Israel,1170
France,2125
 Dominican Republic,0
 Essex,0
 Morroco,0
South Sudan,16
Mirik,1
 Prague,0
Brasil,34
 St Kitts and Nevis,0
 Ghana,0
Alto del T�nel de Viella,1
The Quarantine Station North Manly NSW Australia,3
Dominican Republic,304
 Katrinebergs Folkh�gskola,0
 YSA,0
Area 15 Noda,1
 Ohio,0
 Malta,0
 Soviet Union,0
Kashmir,28
Brunei,3
 Karjat,0
 Connecticut,0
 Netherlands,0
 Bangladesh,0
Paraguay,119
Dubai to Southampton,1
USS Saratoga CV-3,1
Southern Saskatchewan,1
Rumpus Room 239 eldridge st.,1
 Space,0
Bavarian State Opera,1
Luxembourg,235
 Togo,0
 Angola,0
 �le-de-France France,0
 Turks and Caicos Islands,0
 IL USA,0
Channel Islands,9
 Dubai,0
East Timor,21
 CA 91502,0
 Denmark,0
 Czech Republic,0
 Czechia,0
Turkish Republic of North Cyprus,1
 US Virgin Islands,0
 Bulgaria,0
 NY 10001,0
Northern Pakistan,1
Granja Viana S�o Paulo Brazil,1
 Central Java,0
 Mumbai,0
 Indian Ocean,0
 Eritrea,0
 UK,0
 U.S. Virgin Islands,0
SAC Studios,2
 Sudan,0
For�t de Montmorency,1
 Antigua & Barbuda,0
 Germany	Schlosshotel Gr�nwald,0
 Libya,0
Croazia,1
 Ireland,0
 Buckinghamshire,0
 South Africa,0
Grayson Coffee House,1
Air Van Rental,1
 Illinois USA,0
Muriwai Beach New Zealand,1
TS Hanseatic,1
Uganda,206
 Danmark,0
Pleasant Grove missionary baptist church Chicago il 60612,1
 Pennsylvania USA,0
 israel,0
 Central African Republic,0
Austria,475
Guam,25
Slosh's Bar & Grill,1
Parana�ba - Mato Grosso do Sul - Brazil,1
 Armenia,0
Nicaragua,80
 marocco,0
 WA 99224,0
 Seoul,0
 Lichtenstein,0
 Buenos Aires,0
 Yemen,0
Serbia and Montenegro,3
 New Caledonia,0
 CA 91602,0
MSC Fantasia,1
 Copenhagen,0
 Iowa USA,0
Afghanistan,216
Boca Raton Regional Hospital Foundation,1
 North Hollywood,0
 Mallorca,0
Space,6
 The Netherlands,0
Nigeria,95
Sudan,78
 Isle of Man,0
 Guam,0
1741 Lippold St Merrick NY 11566,1
 Arizona USA,0
 Lesser Antilles,0
Vanuatu,29
United Arab Emriates,1
Bucharest Romania,1
 Soleuvre,0
 6971 AB Brummen,0
 Cook Islands,0
Yading Daocheng,1
 NJ,0
USS Truxtun,1
USS Ranger CV-61,1
 Brazil,0
 New Jersey,0
Midland Valley High School,1
 �le-de-France 75020 France,0
 Paris,0
Museum of Contemporary Art 1485 Delgany S,1
 Hamilton ON,0
Denver Colorado USA,2
 NY 10018,0
Perth Western Australia,1
 Sierra Leone,0
Australia,19928
 Guyana,0
Montserrat,6
 Vatican City,0
Mallala Race Circuit,1
 KY USA,0
Dublin City Council,1
USS Belleau Wood [LHA-3],1
R�as Bajas,1
Mediterranean Sea,19
 IE,0
Charleston WV [us],1
Jaisalmer Fort,1
 Mali,0
Filmed on location in New Zealand,2
Democratic Republic Of Congo,87
Myanmar,14
St Patrick's Cathedral Park,1
Sweden,440
 M�xico,0
 Cuba,0
Ghana,156
 Hanoi Vietnam,0
 Cambodia,0
 Gemany,0
 Basilicata. Italy,0
 South Atlantic Ocean,0
 Sussex,0
 italy,0
Havana Cuba,3
Palau,13
Martinique,7
 Aruba,0
Queen Mary 2,1
 Paris 75009,0
Norway,408
Antarctica,92
 France,0
 CA 91406,0
 Kemp Jordan,0
Manhattan Neighborhood Network,1
 Ivory Coast,0
Niue,1
 Barbados,0
Northern France,3
 GA,0
Polynesia,4
 Intia,0
Costa Rica,208
 Iran,0
 Bering Sea,0
Adelaide Goal South Australia,1
Arctic Ocean,8
Chilean Patagonia,1
 Arctic Ocean,0
Mexico,10172
Sapphire Ranch,1
 Kosova,0
Panama,112
1330-Oriro Guro-gu Seoul Republic of Korea,1
 Brasil,0
Western Sahara,10
Tajikistan,30
Marocco,4
 Montreal,0
Andorra,17
Ecuador,97
White Waltham Airfield Maidenhead England UK,1
Macedonia,80
St Vincent and the Grenadines,5
 New Hampshire,0
Liberia,30
 Dutch Caribbean,0
Hostal de los Reyes Cat�licos,1
DeWildt Cheetah and Wildlife Centre. South Africa,4
Moldova,40
Isle of Man,146
Jayprabha Studio Kolhapur India,2
 Republic of the Congo,0
South Vietnam,1
 Egypt,0
Monaco,104
Launch Complex 34,2
 Andorra,0
 Kenya,0
Poland,1049
 Trentino - Italy,0
 Queensland,0
 Bizkaia,0
India,1554
 IL 60609,0
 UAE,0
China,748
 Georgia USA,0
 Kiribati,0
Occupied Palestinian Territory,3
 IL,0
Hidden Studios of Irving,35
Namchi Sikkim,1
School House Kitchen & Libations 5660 Olde Wadsworth Blvd,1
CONTIS LES BAINS . France,1
 WA 99206,0
 Morocco,0
 Peru,0
 Guinea,0
 Surrey,0
 USSR,0
General Hughes St. Iloilo City,1
 York,0
 Michigan USA,0
Queen Victoria,1
Villa Medy Roc Cap d'Antibes,2
Cura�ao,2
Libya,39
Honolulu,11
Havenwood Heritage Heights,1
 United States Virgin Islands,0
 St. Kitts and Nevis,0
 Niger,0
 Ialy,0
 Indiana USA,0
 Guinea-Bissau,0
 Bremen,0
 West Bengal,0
 West Africa,0
North West England,1
 St Lucia,0
Russia,785
Faxe Ladeplads,1
Sao Paulo S�o Paulo Brazil,3
 Turkey,0
 British Honduras,0
 DHM - Deutsches Historisches Museum,0
Proud Cabaret Camden,1
 Bahrain,0
Turks and Caicos Islands,19
Nevis Island,1
Cameroon,69
 Blackpool,0
 Cuba.,0
 TN,0
The Miniature Studio,1
 Republic of Panama,0
 North Cyprus,0
Gargoyle Manor - The Monster Museum,1
 Western Australia,0
South Italy,1
City of Bristol,1
 Bosnia,0
 Sofia Bulgaria,0
Golden Moon Speakeasy 111 Miner's Alley,1
 American Samoa,0
Namibia,182
 Per�,0
 FRANCE,0
 Beverley,0
 Swaziland,0
 Las Vegas USA,0
 FL,0
Singapore,505
Burundi,14
 St Vincent and the Grenadines,0
Express Liquor 1846 Lapeer ave. Port Huron Mi,1
Anguilla,6
Nambucca,1
20 avenue de la R�publique 92 000 Nanterre,1
Honduras,63
Brooklyn New York,2
Gomarus College Groningen,1
 Centro Penitenciario La Reforma; Costa Rica,0
4 Heart Studio,6
Phillipines,1
Barnstaple Town,1
 Oceania,0
 Azores,0
 Karnataka,0
 FL 32802,0
Brisbane Queensland Australia,2
Greenland,118
Tierra Blanca de Cartago Costa Rica,1
 Moldova,0
St Kitts and Nevis,3
Strait of Georgia,1
Morocco,661
City of Bristol College - Bedminster Campus,1
USS New Jersey,1
Mali,88
 Bahamas,0
 Republic of Macedonia,0
 Brooklyn,0
Phillip Island Race Circuit,1
Iran,175
 Cincinatti Ohio,0
 Bosnia - Herzegovina,0
Saudi Arabia,50
Cleethorpes Boating Lake,1
Corsica,7
Cook Islands,9
 OH 44114,0
 AUS,0
 Colombia,0
Burma,76
 Uk,0
The Artic Sea,1
New Hebrides Islands,1
 Cameroon,0
 New Zealand,0
German Headquarters,1
 Cayman Islands,0
 Prince Edward Island,0
Sierra de la Pe�a de Francia,1
 FL 33455,0
 Valencia,0
 Latin America,0
 France/Belgium frontier,0
 England: UK,0
Museo de las Americas 861 Santa Fe Drive,1
 S�o Paulo,0
Faroe Islands,35
Lesotho,23
Olde Town Arvada,1
 USA,0
Storrier Stearns Japanese Garden,1
Tynemouth Blue Reef Aquarium,1
Switzerland,638
 FL 33409,0
 Mediterranean Sea,0
 Kazakhstan,0
 poland,0
 Isfahan Iran,0
 Kurdistan,0
 Quebec,0
 Sheepsville,0
 Czechoslovakia,0
 Hungary,0
 Scotland,0
a,1
 Republic of Malta,0
 Nova Scotia Canada,0
 South Carolina,0
 Mauritania,0
Yugoslavia,108
 MI 49008,0
 Marshall Islands,0
 Macedonia,0
 Hemel Hempstead,0
 England,0
 Mexico.,0
St Lucia,23
Rouge Entertainment,3
Argentinean Patagonia,1
Kosovo,75
Washington Avenue,1
Benin,33
Soviet Union,13
Gibraltar,40
Vatican City State,1
 Nevada,0
Yukon High School,1
Jakarta Indonesia,3
 Andorre,0
Trinidad & Tobago,3
University Campus Kalina Bombay India,1
 New Zealend,0
Sushi Den 1487 S Pearl St,1
K�benhavn,1
 IL. USA,0
Fiji,116
Italy,1311
Kiribati,5
North Sea,27
 CA USA,0
Saint Just,1
Liechtenstein,10
'Aremiti Ferry,1
 Bhor,0
United Arab Emirates,53
 Seychelles,0
Madagascar,75
 Jordania,0
 Yugoslavia,0
USS John C. Stennis CVN-74,1
 Reykjav�k,0
 Kentucky,0
North Korea,45
Pakistan,138
Florida Atlantic University,1
USS Wasp,1
 Florida. USA,0
 �land Islands,0
R�union,18
 British Virgin Islands,0
Abu Dhabi,7
 Tuva Republic,0
 Istanbul,0
 USA and Canada,0
 Co. Galway,0
 Guatemala,0
Trieste,1
Marshall Islands,12
 Greece,0
Unified Pictures,1
 Taiwan,0
El Vigia. Merida. Venezuela,1
Serbia,154
 German,0
Republic of Kalmykia,1
Albania,77
 Southern Germany,0
S�o Caetano do Sul - S�o Paulo - Brazil,1
Kevin Boot Studios,1
 Falkland Islands,0
K�ln,9
Croatia,223
USS Blueback,1
 Republic Of Congo,0
 England. UK,0
Holstebro,1
Arvada Center for the Arts and Humanities 6901 Wadsworth Blvd,1
The Pot Smoker BBQ,1
 New York USA,0
 North. Yorkshire,0
American Mountaineering Center 710 E 10th St,1
Thailand,653
New Zealand,935
Latvia,99
Turkey,475
 Madrid Spain,0
London and surounding areas,1
 Slovenia,0
Dublin Institute of Technology Aungier Street,1
 Lyndhurst in the New Forest. England. UK,0
Cruise Ship MSC Divina,1
 Co. Waterford,0
American Samoa,6
 USA	The Engineer's Club at the Garret Mansion,0
 Baja California Sur,0
Channel Tunnel,1
 British West Indies,0
 India,0
 Francelles,0
�sane,1
Mozambique,107
Virgin Islands,7
 Indiana,0
San Marino,10
JFK Airport,1
Miner's Alley Playhouse 1224 Washington Ave,1
 Democratic Republic Of Congo,0
Republic of South Sudan,1
 Santar�m,0
Norfolk Island,1
 MI 49014,0
Montenegro,49
Qatar,34
 Espa�a,0
 Ascension Island,0
 Belize,0
Northern Iran,2
 North Carolina,0
 Dutch Antilles,0
 Norway,0
Red Sea,3
 Niedersachsen,0
Kundoz Afghanistan,1
 Lahore. Pakistan,0
 CO 80203,0
 Malaysia,0
Pasadena Ambassador College,1
 Glasgow,0
My Brother's Bar 2376 15th St,1
Lisboa,13
 Bavaria Germany,0
Papua New Guinea,85
Wake Island,1
 UT 84116,0
Lyon France,1
N�maskar� Iceland,1
 Florida,0
 Bosnia-Herzegovina,0
HMS Belfast,1
Micronesia,8
 ACT,0
Greece,371
 Laos,0
 Mylapore,0
 Curacao,0
Atlantic Ocean,26
